Date,Day,Category,Item,Size,Qty,UnitPrice,TotalPrice,DailyTotal,Notes
2023-09-01,Friday,Pizza,Kulhad Pizza,-,1,99,99,913,
2023-09-01,Friday,Pizza,Cheese N Corn Pizza,M,2,109,218,913,
2023-09-01,Friday,Pizza,Peppy Paneer Pizza,S,1,119,119,913,
2023-09-01,Friday,Dessert,Strawberry Ice Cream,-,1,30,30,913,
2023-09-01,Friday,Pizza,Cheese N Corn Pizza,S,1,69,69,913,
2023-09-01,Friday,Pizza,Tandoori Pizza,M,1,199,199,913,
2023-09-01,Friday,Pizza,Mix Veg Margharita Pizza,S,1,99,99,913,
2023-09-01,Friday,Beverage,Cold Drink,-,4,20,80,913,
2023-09-02,Saturday,Beverage,Cold Drink,-,10,20,200,1678,
2023-09-02,Saturday,Shake,Butterscotch Shake,-,1,60,60,1678,
2023-09-02,Saturday,Shake,Strawberry Shake,-,1,50,50,1678,
2023-09-02,Saturday,Pizza,Kulhad Pizza,-,1,99,99,1678,
2023-09-02,Saturday,Pizza,Cheese N Corn Pizza,S,2,69,138,1678,
2023-09-02,Saturday,Pizza,Cheese N Corn Pizza,M,1,109,109,1678,
2023-09-02,Saturday,Pizza,Mix Veg Margharita Pizza,L,1,249,249,1678,
2023-09-02,Saturday,Burger,Veg Burger,-,1,39,39,1678,
2023-09-02,Saturday,Pizza,Onion Cheese Pizza,S,2,59,118,1678,
2023-09-02,Saturday,Pizza,Paneer Pizza,L,1,289,289,1678,
2023-09-02,Saturday,Pizza,Onion Capsicum Pizza,S,2,79,158,1678,
2023-09-02,Saturday,Beverage,Cold Drink,-,1,20,20,1678,
2023-09-02,Saturday,Pizza,Mix Veg Margharita Pizza,M,1,149,149,1678,
2023-09-03,Sunday,Pizza,Cheese N Corn Pizza,L,1,209,209,1456,
2023-09-03,Sunday,Pizza,Spicy Mix Veg Pizza,M,1,199,199,1456,
2023-09-03,Sunday,Burger,Veg Burger,-,1,39,39,1456,
2023-09-03,Sunday,Pizza,Onion Cheese Pizza,S,2,59,118,1456,
2023-09-03,Sunday,Pizza,Baby Cheese Pizza,S,4,49,196,1456,
2023-09-03,Sunday,Pizza,Cheese N Corn Pizza,S,2,69,138,1456,
2023-09-03,Sunday,Pizza,Paneer Pizza,S,2,109,218,1456,
2023-09-03,Sunday,Combo,Onion+Capsicum+Cheese Corn+Cold Drink,-,1,199,199,1456,
2023-09-03,Sunday,Beverage,Cold Drink,-,7,20,140,1456,
2023-09-04,Monday,Burger,Bun,-,8,5,40,1844,
2023-09-04,Monday,Pizza,Sweet Corn Onion Pizza,M,1,129,129,1844,
2023-09-04,Monday,Burger,Veg Cheese Burger,-,2,59,118,1844,
2023-09-04,Monday,Pizza,Onion Capsicum Pizza,S,7,79,553,1844,
2023-09-04,Monday,Pizza,Cheese N Corn Pizza,M,2,109,218,1844,
2023-09-04,Monday,Pizza,Spicy Mix Veg Pizza,M,3,199,597,1844,
2023-09-04,Monday,Pizza,MrPizza Special Pizza,S,1,149,149,1844,
2023-09-04,Monday,Beverage,Cold Drink,-,2,20,40,1844,
2023-09-05,Tuesday,Pizza,MrPizza Special Pizza,S,1,149,149,253,
2023-09-05,Tuesday,Pizza,Cheese N Corn Pizza,S,1,69,69,253,
2023-09-05,Tuesday,Dessert,Chocolate Ice Cream,-,1,35,35,253,
2023-09-06,Wednesday,Burger,Veg Burger,-,1,39,39,1745,
2023-09-06,Wednesday,Pizza,MrPizza Special Pizza,S,2,149,298,1745,
2023-09-06,Wednesday,Dessert,Chocolate Ice Cream,-,2,35,70,1745,
2023-09-06,Wednesday,Shake,Cold Coffee,-,3,50,150,1745,
2023-09-06,Wednesday,Burger,Veg Burger,-,1,39,39,1745,
2023-09-06,Wednesday,Pizza,Cheese N Corn Pizza,S,2,69,138,1745,
2023-09-06,Wednesday,Pizza,Paneer Pizza,M,1,199,199,1745,
2023-09-06,Wednesday,Shake,Chocolate Shake,-,1,70,70,1745,
2023-09-06,Wednesday,Pizza,Onion Cheese Pizza,S,3,59,177,1745,
2023-09-06,Wednesday,Pizza,Capsicum Cheese Pizza,S,2,59,118,1745,
2023-09-06,Wednesday,Burger,Veg Burger,-,1,39,39,1745,
2023-09-06,Wednesday,Pizza,MrPizza Special Pizza,M,1,249,249,1745,
2023-09-06,Wednesday,Beverage,Cold Drink,-,1,20,20,1745,
2023-09-06,Wednesday,Pizza,Sweet Corn Paneer Pizza,S,1,119,119,1745,
2023-09-06,Wednesday,Beverage,Water,-,1,20,20,1745,
2023-09-07,Thursday,Burger,Veg Burger,-,1,39,39,528,
2023-09-07,Thursday,Pizza,Capsicum Cheese Pizza,S,1,59,59,528,
2023-09-07,Thursday,Pizza,Spicy Mix Veg Pizza,S,1,109,109,528,
2023-09-07,Thursday,Pizza,Kulhad Pizza,-,2,99,198,528,
2023-09-07,Thursday,Pizza,Capsicum Cheese Pizza,S,2,59,118,528,
2023-09-07,Thursday,Burger,Bun,-,1,5,5,528,
2023-09-08,Friday,Pizza,Onion Cheese Pizza,S,2,59,118,1033,
2023-09-08,Friday,Beverage,Cold Drink,-,6,20,120,1033,
2023-09-08,Friday,Shake,Butterscotch Shake,-,1,60,60,1033,
2023-09-08,Friday,Shake,Chocolate Shake,-,1,70,70,1033,
2023-09-08,Friday,Pizza,Sweet Corn Paneer Pizza,M,1,209,209,1033,
2023-09-08,Friday,Pizza,Baby Cheese Pizza,S,1,49,49,1033,
2023-09-08,Friday,Pizza,Onion Cheese Pizza,S,1,59,59,1033,
2023-09-08,Friday,Burger,Veg Cheese Burger,-,2,59,118,1033,
2023-09-08,Friday,Pizza,Paneer Pizza With Olives,M,1,230,230,1033,
2023-09-09,Saturday,Beverage,Cold Drink,-,3,20,60,882,
2023-09-09,Saturday,Pizza,Kulhad Pizza,-,1,99,99,882,
2023-09-09,Saturday,Dessert,Strawberry Ice Cream,-,1,30,30,882,
2023-09-09,Saturday,Pizza,Mix Veg Margharita Pizza,L,1,249,249,882,
2023-09-09,Saturday,Burger,Veg Burger,-,2,39,78,882,
2023-09-09,Saturday,Burger,Bun,-,2,5,10,882,
2023-09-09,Saturday,Pizza,Cheese N Corn Pizza,M,1,109,109,882,
2023-09-09,Saturday,Pizza,Sweet Corn Onion Pizza,M,1,129,129,882,
2023-09-09,Saturday,Pizza,Onion Cheese Pizza,S,2,59,118,882,
2023-09-10,Sunday,Beverage,Cold Drink,-,2,20,40,1024,
2023-09-10,Sunday,Pizza,MrPizza Special Pizza,S,1,149,149,1024,
2023-09-10,Sunday,Dessert,Strawberry Ice Cream,-,1,30,30,1024,
2023-09-10,Sunday,Shake,Strawberry Shake,-,2,50,100,1024,
2023-09-10,Sunday,Dessert,Brownie,-,2,70,140,1024,
2023-09-10,Sunday,Burger,Veg Burger,-,2,39,78,1024,
2023-09-10,Sunday,Pizza,Overloaded Cheese Pizza,M,1,230,230,1024,
2023-09-10,Sunday,Bread,Cheese Corn Garlic Bread,-,2,49,98,1024,
2023-09-10,Sunday,Pizza,Mix Veg Margharita Pizza,M,1,149,149,1024,
2023-09-10,Sunday,Burger,Bun,-,2,5,10,1024,
2023-09-11,Monday,Pizza,MrPizza Special Pizza,S,1,149,149,755,
2023-09-11,Monday,Beverage,Cold Drink,-,3,20,60,755,
2023-09-11,Monday,Shake,Ice Tea,-,3,40,120,755,
2023-09-11,Monday,Pizza,Onion Cheese Pizza,S,2,59,118,755,
2023-09-11,Monday,Shake,Chocolate Shake,-,1,70,70,755,
2023-09-11,Monday,Pizza,Sweet Corn Onion Pizza,M,1,129,129,755,
2023-09-11,Monday,Pizza,Tandoori Pizza,S,1,109,109,755,
2023-09-12,Tuesday,Beverage,Cold Drink,-,5,20,100,1094,
2023-09-12,Tuesday,Pizza,Cheese N Corn Pizza,M,2,109,218,1094,
2023-09-12,Tuesday,Shake,Cold Coffee,-,2,50,100,1094,
2023-09-12,Tuesday,Burger,Veg Cheese Burger,-,1,59,59,1094,
2023-09-12,Tuesday,Hot Dog,Veg Hot Dog,-,1,70,70,1094,
2023-09-12,Tuesday,Pizza,Kulhad Pizza,-,1,99,99,1094,
2023-09-12,Tuesday,Pizza,Tandoori Pizza,M,2,199,398,1094,
2023-09-12,Tuesday,Shake,Strawberry Shake,-,1,50,50,1094,
2023-09-13,Wednesday,Beverage,Cold Drink,-,4,20,80,1371,
2023-09-13,Wednesday,Pizza,Tomato Cheese Pizza,M,2,109,218,1371,
2023-09-13,Wednesday,Pizza,Cheese N Corn Pizza,M,2,109,218,1371,
2023-09-13,Wednesday,Burger,Veg Cheese Burger,-,1,59,59,1371,
2023-09-13,Wednesday,Shake,Strawberry Shake,-,1,50,50,1371,
2023-09-13,Wednesday,Pizza,Mix Veg Margharita Pizza,M,1,149,149,1371,
2023-09-13,Wednesday,Pizza,Paneer Pizza,S,1,109,109,1371,
2023-09-13,Wednesday,Hot Dog,Veg Hot Dog,-,2,70,140,1371,
2023-09-13,Wednesday,Pizza,Kulhad Pizza,-,2,99,198,1371,
2023-09-13,Wednesday,Shake,Cold Coffee,-,1,50,50,1371,
2023-09-13,Wednesday,Shake,Mojito,-,2,50,100,1371,
2023-09-14,Thursday,Shake,Cold Coffee,-,3,50,150,2558,
2023-09-14,Thursday,Hot Dog,Veg Hot Dog,-,2,70,140,2558,
2023-09-14,Thursday,Dessert,Strawberry Ice Cream,-,1,30,30,2558,
2023-09-14,Thursday,Beverage,Cold Drink,-,6,20,120,2558,
2023-09-14,Thursday,Burger,Bun,-,3,5,15,2558,
2023-09-14,Thursday,Pizza,Kulhad Pizza,-,5,99,495,2558,
2023-09-14,Thursday,Pizza,Onion Cheese Pizza,S,1,59,59,2558,
2023-09-14,Thursday,Pizza,Cheese N Corn Pizza,S,5,69,345,2558,
2023-09-14,Thursday,Pizza,Spicy Mix Veg Pizza,M,1,199,199,2558,
2023-09-14,Thursday,Pizza,Paneer Pizza,S,1,109,109,2558,
2023-09-14,Thursday,Pizza,Sweet Corn Onion Pizza,M,2,129,258,2558,
2023-09-14,Thursday,Pizza,Sweet Corn Paneer Pizza,L,1,299,299,2558,
2023-09-14,Thursday,Pizza,Overloaded Cheese Pizza,L,1,339,339,2558,
2023-09-15,Friday,Beverage,Cold Drink,-,2,20,40,1731,
2023-09-15,Friday,Shake,Mojito,-,1,50,50,1731,
2023-09-15,Friday,Pizza,Paneer Pizza,M,1,199,199,1731,
2023-09-15,Friday,Pizza,Cheese N Corn Pizza,M,1,109,109,1731,
2023-09-15,Friday,Pizza,Overloaded Cheese Pizza,S,1,129,129,1731,
2023-09-15,Friday,Dessert,Choco Lava Cake,-,1,110,110,1731,
2023-09-15,Friday,Shake,Cold Coffee,-,6,50,300,1731,
2023-09-15,Friday,Pizza,Mix Veg Margharita Pizza,M,1,149,149,1731,
2023-09-15,Friday,Pizza,Onion Capsicum Pizza,L,1,209,209,1731,
2023-09-15,Friday,Bread,Stuffed Garlic Bread,-,1,89,89,1731,
2023-09-15,Friday,Pizza,Onion Cheese Pizza,M,1,109,109,1731,
2023-09-15,Friday,Burger,Veg Burger,-,1,39,39,1731,
2023-09-15,Friday,Pizza,Paneer Pizza,M,1,199,199,1731,
2023-09-16,Saturday,Beverage,Cold Drink,-,4,20,80,1072,
2023-09-16,Saturday,Pizza,Mix Veg Margharita Pizza,L,1,249,249,1072,
2023-09-16,Saturday,Pizza,Paneer Pizza,L,1,289,289,1072,
2023-09-16,Saturday,Burger,Veg Burger,-,2,39,78,1072,
2023-09-16,Saturday,Burger,Veg Cheese Burger,-,2,59,118,1072,
2023-09-16,Saturday,Beverage,Water,-,2,20,40,1072,
2023-09-16,Saturday,Pizza,Kulhad Pizza,-,1,99,99,1072,
2023-09-16,Saturday,Pizza,Baby Cheese Pizza,S,1,49,49,1072,
2023-09-16,Saturday,Shake,Chocolate Shake,-,1,70,70,1072,
2023-09-17,Sunday,Shake,Cold Coffee,-,6,50,300,1659,
2023-09-17,Sunday,Beverage,Cold Drink,-,1,20,20,1659,
2023-09-17,Sunday,Pizza,Kulhad Pizza,-,1,99,99,1659,
2023-09-17,Sunday,Shake,Mojito,-,1,50,50,1659,
2023-09-17,Sunday,Dessert,Choco Lava Cake,-,2,110,220,1659,
2023-09-17,Sunday,Pizza,Mix Veg Margharita Pizza,M,1,149,149,1659,
2023-09-17,Sunday,Pizza,Spicy Mix Veg Pizza,M,1,199,199,1659,
2023-09-17,Sunday,Pizza,Capsicum Cheese Pizza,M,1,109,109,1659,
2023-09-17,Sunday,Pizza,Spicy Mix Veg Pizza,S,1,109,109,1659,
2023-09-17,Sunday,Pizza,Tandoori Pizza,S,1,109,109,1659,
2023-09-17,Sunday,Pizza,Cheese N Corn Pizza,S,1,69,69,1659,
2023-09-17,Sunday,Burger,Veg Burger,-,2,39,78,1659,
2023-09-17,Sunday,Pizza,Mix Veg Margharita Pizza,S,1,99,99,1659,
2023-09-17,Sunday,Bread,Cheese Corn Garlic Bread,-,1,49,49,1659,
2023-09-18,Monday,Pizza,Kulhad Pizza,-,3,99,297,586,
2023-09-18,Monday,Shake,Cold Coffee,-,1,50,50,586,
2023-09-18,Monday,Beverage,Cold Drink,-,2,20,40,586,
2023-09-18,Monday,Pizza,Mix Veg Margharita Pizza,S,1,99,99,586,
2023-09-18,Monday,Shake,Mojito,-,2,50,100,586,
2023-09-20,Wednesday,Pizza,MrPizza Special Pizza,M,1,249,249,249,
2023-09-21,Thursday,Beverage,Cold Drink,-,4,20,80,794,
2023-09-21,Thursday,Shake,Cold Coffee,-,1,50,50,794,
2023-09-21,Thursday,Burger,Veg Cheese Burger,-,3,59,177,794,
2023-09-21,Thursday,Pizza,Cheese N Corn Pizza,L,1,209,209,794,
2023-09-21,Thursday,Pizza,Mix Veg Margharita Pizza,M,1,149,149,794,
2023-09-21,Thursday,Pizza,Sweet Corn Onion Pizza,S,1,79,79,794,
2023-09-21,Thursday,Shake,Mojito,-,1,50,50,794,
2023-09-22,Friday,Beverage,Cold Drink,-,2,20,40,486,
2023-09-22,Friday,Burger,Veg Cheese Burger,-,2,59,118,486,
2023-09-22,Friday,Shake,Mojito,-,1,50,50,486,
2023-09-22,Friday,Pizza,Onion Capsicum Pizza,M,1,129,129,486,
2023-09-22,Friday,Pizza,Baby Cheese Pizza,S,1,49,49,486,
2023-09-22,Friday,Shake,Cold Coffee,-,2,50,100,486,
2023-09-23,Saturday,Beverage,Cold Drink,-,3,20,60,2389,
2023-09-23,Saturday,Burger,Bun,-,7,5,35,2389,
2023-09-23,Saturday,Shake,Mojito,-,1,50,50,2389,
2023-09-23,Saturday,Pizza,Spicy Mix Veg Pizza,L,1,299,299,2389,
2023-09-23,Saturday,Dessert,Brownie,-,4,70,280,2389,
2023-09-23,Saturday,Pizza,Peppy Paneer Pizza,S,1,119,119,2389,
2023-09-23,Saturday,Pizza,Overloaded Cheese Pizza,S,1,129,129,2389,
2023-09-23,Saturday,Pizza,Mix Veg Margharita Pizza,S,1,99,99,2389,
2023-09-23,Saturday,Add-on,Extra Cheese,-,1,40,40,2389,
2023-09-23,Saturday,Pizza,Kulhad Pizza,-,5,99,495,2389,
2023-09-23,Saturday,Burger,Veg Cheese Burger,-,1,59,59,2389,
2023-09-23,Saturday,Pizza,Mix Veg Margharita Pizza,S,2,99,198,2389,
2023-09-23,Saturday,Pizza,Onion Paneer Pizza,S,3,109,327,2389,
2023-09-23,Saturday,Pizza,Spicy Mix Veg Pizza,M,1,199,199,2389,
2023-09-24,Sunday,Pizza,MrPizza Special Pizza,M,1,249,249,934,
2023-09-24,Sunday,Bread,Cheese Corn Garlic Bread,-,1,49,49,934,
2023-09-24,Sunday,Pizza,Kulhad Pizza,-,3,99,297,934,
2023-09-24,Sunday,Pizza,Overloaded Cheese Pizza,M,1,230,230,934,
2023-09-24,Sunday,Pizza,Paneer Pizza,S,1,109,109,934,
2023-09-25,Monday,Pizza,Capsicum Cheese Pizza,S,1,59,59,931,
2023-09-25,Monday,Pizza,Onion Cheese Pizza,S,3,59,177,931,
2023-09-25,Monday,Pizza,Sweet Corn Paneer Pizza,L,1,299,299,931,
2023-09-25,Monday,Pizza,Cheese N Corn Pizza,M,1,109,109,931,
2023-09-25,Monday,Burger,Veg Cheese Burger,-,1,59,59,931,
2023-09-25,Monday,Dessert,Strawberry Ice Cream,-,1,30,30,931,
2023-09-25,Monday,Pizza,Kulhad Pizza,-,1,99,99,931,
2023-09-25,Monday,Pizza,Mix Veg Margharita Pizza,S,1,99,99,931,
2023-09-26,Tuesday,Burger,Veg Cheese Burger,-,1,59,59,544,
2023-09-26,Tuesday,Burger,Veg Burger,-,2,39,78,544,
2023-09-26,Tuesday,Pizza,Cheese N Corn Pizza,M,3,109,327,544,
2023-09-26,Tuesday,Beverage,Cold Drink,-,2,20,40,544,
2023-09-26,Tuesday,Beverage,Water,-,2,20,40,544,
2023-09-27,Wednesday,Beverage,Cold Drink,-,16,20,320,2022,
2023-09-27,Wednesday,Pizza,Kulhad Pizza,-,3,99,297,2022,
2023-09-27,Wednesday,Pizza,Cheese N Corn Pizza,M,7,109,763,2022,
2023-09-27,Wednesday,Pizza,Onion Cheese Pizza,S,3,59,177,2022,
2023-09-27,Wednesday,Burger,Veg Burger,-,1,39,39,2022,
2023-09-27,Wednesday,Pizza,Cheese N Corn Pizza,S,3,69,207,2022,
2023-09-27,Wednesday,Pizza,Spicy Mix Veg Pizza,M,1,199,199,2022,
2023-09-27,Wednesday,Burger,Bun,-,4,5,20,2022,
2023-09-28,Thursday,Burger,Bun,-,4,5,20,817,
2023-09-28,Thursday,Pizza,Sweet Corn Paneer Pizza,S,2,119,238,817,
2023-09-28,Thursday,Shake,Cold Coffee,-,5,50,250,817,
2023-09-28,Thursday,Pizza,Spicy Mix Veg Pizza,M,1,199,199,817,
2023-09-28,Thursday,Dessert,Choco Lava Cake,-,1,110,110,817,
2023-09-29,Friday,Pizza,Cheese N Corn Pizza,M,1,109,109,796,
2023-09-29,Friday,Beverage,Cold Drink,-,4,20,80,796,
2023-09-29,Friday,Pizza,Overloaded Cheese Pizza,M,1,230,230,796,
2023-09-29,Friday,Pizza,Mix Veg Margharita Pizza,S,1,99,99,796,
2023-09-29,Friday,Pizza,Kulhad Pizza,-,2,99,198,796,
2023-09-29,Friday,Add-on,Extra Cheese,-,2,40,80,796,
2023-09-30,Saturday,Burger,Veg Cheese Burger,-,1,59,59,2087,
2023-09-30,Saturday,Pizza,Tomato Cheese Pizza,S,1,59,59,2087,
2023-09-30,Saturday,Pizza,Mix Veg Margharita Pizza,S,2,99,198,2087,
2023-09-30,Saturday,Beverage,Cold Drink,-,11,20,220,2087,
2023-09-30,Saturday,Burger,Veg Burger,-,3,39,117,2087,
2023-09-30,Saturday,Pizza,Paneer Pizza,S,2,109,218,2087,
2023-09-30,Saturday,Pizza,Spicy Mix Veg Pizza,L,1,299,299,2087,
2023-09-30,Saturday,Add-on,Extra Cheese,-,2,40,80,2087,
2023-09-30,Saturday,Pizza,Paneer Pizza,L,1,289,289,2087,
2023-09-30,Saturday,Pizza,Cheese N Corn Pizza,S,1,69,69,2087,
2023-09-30,Saturday,Pizza,MrPizza Special Pizza,S,1,149,149,2087,
2023-09-30,Saturday,Dessert,Strawberry Ice Cream,-,1,30,30,2087,
2023-09-30,Saturday,Shake,Cold Coffee,-,6,50,300,2087,
2023-10-01,Sunday,Pizza,Baby Cheese Pizza,S,1,49,49,2066,
2023-10-01,Sunday,Pizza,Onion Cheese Pizza,M,1,109,109,2066,
2023-10-01,Sunday,Pizza,Onion Capsicum Pizza,S,1,79,79,2066,
2023-10-01,Sunday,Shake,Mojito,-,2,50,100,2066,
2023-10-01,Sunday,Pizza,Kulhad Pizza,-,3,99,297,2066,
2023-10-01,Sunday,Pizza,Mix Veg Margharita Pizza,S,1,99,99,2066,
2023-10-01,Sunday,Pizza,Sweet Corn Onion Pizza,S,1,79,79,2066,
2023-10-01,Sunday,Pizza,Onion Cheese Pizza,S,1,59,59,2066,
2023-10-01,Sunday,Pizza,Overloaded Cheese Pizza,L,1,339,339,2066,
2023-10-01,Sunday,Beverage,Cold Drink,-,4,20,80,2066,
2023-10-01,Sunday,Shake,Cold Coffee,-,6,50,300,2066,
2023-10-01,Sunday,Shake,Oreo Shake,-,1,70,70,2066,
2023-10-01,Sunday,Hot Dog,Veg Hot Dog,-,1,70,70,2066,
2023-10-01,Sunday,Dessert,Choco Lava Cake,-,1,110,110,2066,
2023-10-01,Sunday,Burger,Veg Burger,-,3,39,117,2066,
2023-10-01,Sunday,Pizza,Paneer Pizza,S,1,109,109,2066,
2023-10-07,Saturday,Pizza,Baby Cheese Pizza,S,2,49,98,1965,
2023-10-07,Saturday,Pizza,MrPizza Special Pizza,S,1,149,149,1965,
2023-10-07,Saturday,Pizza,Sweet Corn Paneer Pizza,S,1,119,119,1965,
2023-10-07,Saturday,Combo,Spicy Mix Veg+Garlic Bread+Cheese Corn+Cold Drink,-,1,149,149,1965,
2023-10-07,Saturday,Dessert,Vanilla Ice Cream,-,1,30,30,1965,
2023-10-07,Saturday,Pizza,Paneer Pizza,M,1,199,199,1965,
2023-10-07,Saturday,Dessert,Strawberry Ice Cream,-,2,30,60,1965,
2023-10-07,Saturday,Pizza,Tomato Cheese Pizza,M,1,109,109,1965,
2023-10-07,Saturday,Pizza,Sweet Corn Paneer Pizza,S,1,119,119,1965,
2023-10-07,Saturday,Pizza,Onion Capsicum Pizza,S,3,79,237,1965,
2023-10-07,Saturday,Beverage,Cold Drink,-,5,20,100,1965,
2023-10-07,Saturday,Pizza,Mix Veg Margharita Pizza,S,3,99,297,1965,
2023-10-07,Saturday,Pizza,Sweet Corn Paneer Pizza,L,1,299,299,1965,
2023-10-08,Sunday,Burger,Veg Burger,-,4,39,156,999,
2023-10-08,Sunday,Beverage,Cold Drink,-,9,20,180,999,
2023-10-08,Sunday,Pizza,Baby Cheese Pizza,S,3,49,147,999,
2023-10-08,Sunday,Pizza,Tomato Cheese Pizza,S,2,59,118,999,
2023-10-08,Sunday,Pizza,Mix Veg Margharita Pizza,L,1,249,249,999,
2023-10-08,Sunday,Shake,Strawberry Shake,-,1,50,50,999,
2023-10-08,Sunday,Pizza,Kulhad Pizza,-,1,99,99,999,
2023-10-09,Monday,Shake,Mojito,-,1,50,50,1696,
2023-10-09,Monday,Pizza,Sweet Corn Onion Pizza,S,7,79,553,1696,
2023-10-09,Monday,Pizza,Cheese N Corn Pizza,M,2,109,218,1696,
2023-10-09,Monday,Pizza,Overloaded Cheese Pizza,M,1,230,230,1696,
2023-10-09,Monday,Shake,Oreo Shake,-,2,70,140,1696,
2023-10-09,Monday,Burger,Veg Cheese Burger,-,4,59,236,1696,
2023-10-09,Monday,Pizza,Mix Veg Margharita Pizza,L,1,249,249,1696,
2023-10-09,Monday,Beverage,Cold Drink,-,1,20,20,1696,
2023-10-10,Tuesday,Pizza,Onion Cheese Pizza,M,1,109,109,530,
2023-10-10,Tuesday,Pizza,Capsicum Cheese Pizza,M,1,109,109,530,
2023-10-10,Tuesday,Pizza,Mix Veg Margharita Pizza,S,2,99,198,530,
2023-10-10,Tuesday,Pizza,Paneer Pizza,S,1,109,109,530,
2023-10-10,Tuesday,Burger,Bun,-,1,5,5,530,
2023-10-11,Wednesday,Burger,Veg Cheese Burger,-,6,59,354,869,
2023-10-11,Wednesday,Pizza,Sweet Corn Paneer Pizza,S,1,119,119,869,
2023-10-11,Wednesday,Pizza,Sweet Corn Paneer Pizza,M,1,209,209,869,
2023-10-11,Wednesday,Pizza,Cheese N Corn Pizza,M,1,109,109,869,
2023-10-11,Wednesday,Burger,Veg Burger,-,2,39,78,869,
2023-10-12,Thursday,Pizza,Tomato Cheese Pizza,S,1,59,59,891,
2023-10-12,Thursday,Pizza,Capsicum Cheese Pizza,S,1,59,59,891,
2023-10-12,Thursday,Pizza,MrPizza Special Pizza,L,1,349,349,891,
2023-10-12,Thursday,Pizza,Kulhad Pizza,-,1,99,99,891,
2023-10-12,Thursday,Burger,Veg Burger,-,1,39,39,891,
2023-10-12,Thursday,Burger,Veg Cheese Burger,-,2,59,118,891,
2023-10-12,Thursday,Pizza,Cheese N Corn Pizza,S,1,69,69,891,
2023-10-12,Thursday,Pizza,Mix Veg Margharita Pizza,S,1,99,99,891,
2023-10-13,Friday,Shake,Oreo Shake,-,1,70,70,406,
2023-10-13,Friday,Burger,Veg Burger,-,2,39,78,406,
2023-10-13,Friday,Pizza,Mix Veg Margharita Pizza,S,1,99,99,406,
2023-10-13,Friday,Pizza,Mix Veg Margharita Pizza,M,1,149,149,406,
2023-10-13,Friday,Burger,Bun,-,2,5,10,406,
2023-10-14,Saturday,Pizza,Paneer Pizza,S,3,109,327,2100,
2023-10-14,Saturday,Pizza,Onion Cheese Pizza,S,3,59,177,2100,
2023-10-14,Saturday,Pizza,Cheese N Corn Pizza,S,1,69,69,2100,
2023-10-14,Saturday,Pizza,Baby Cheese Pizza,S,1,49,49,2100,
2023-10-14,Saturday,Shake,Oreo Shake,-,1,70,70,2100,
2023-10-14,Saturday,Pizza,Onion Cheese Pizza,M,1,109,109,2100,
2023-10-14,Saturday,Shake,Cold Coffee,-,2,50,100,2100,
2023-10-14,Saturday,Pizza,Onion Capsicum Pizza,S,4,79,316,2100,
2023-10-14,Saturday,Pizza,Onion Paneer Pizza,S,2,109,218,2100,
2023-10-14,Saturday,Pizza,Spicy Mix Veg Pizza,S,1,109,109,2100,
2023-10-14,Saturday,Beverage,Cold Drink,-,2,20,40,2100,
2023-10-14,Saturday,Pizza,Kulhad Pizza,-,1,99,99,2100,
2023-10-14,Saturday,Pizza,MrPizza Special Pizza,S,1,149,149,2100,
2023-10-14,Saturday,Combo,Spicy Mix Veg+Garlic Bread+Cheese Corn+Cold Drink,-,1,149,149,2100,
2023-10-14,Saturday,Pizza,Sweet Corn Paneer Pizza,S,1,119,119,2100,
2023-10-15,Sunday,Pizza,Sweet Corn Onion Pizza,M,1,129,129,646,
2023-10-15,Sunday,Pizza,Mix Veg Margharita Pizza,M,1,149,149,646,
2023-10-15,Sunday,Pizza,Overloaded Cheese Pizza,M,1,230,230,646,
2023-10-15,Sunday,Beverage,Cold Drink,-,2,20,40,646,
2023-10-15,Sunday,Pizza,Tomato Cheese Pizza,S,1,59,59,646,
2023-10-15,Sunday,Burger,Veg Burger,-,1,39,39,646,
2023-10-16,Monday,Burger,Veg Cheese Burger,-,6,59,354,1184,
2023-10-16,Monday,Pizza,Cheese N Corn Pizza,S,3,69,207,1184,
2023-10-16,Monday,Pizza,Mix Veg Margharita Pizza,S,3,99,297,1184,
2023-10-16,Monday,Pizza,Cheese N Corn Pizza,M,1,109,109,1184,
2023-10-16,Monday,Shake,Cold Coffee,-,1,50,50,1184,
2023-10-16,Monday,Pizza,Onion Cheese Pizza,S,2,59,118,1184,
2023-10-16,Monday,Pizza,Baby Cheese Pizza,S,1,49,49,1184,
2023-10-17,Tuesday,Pizza,Onion Cheese Pizza,S,2,59,118,961,
2023-10-17,Tuesday,Pizza,Cheese N Corn Pizza,S,1,69,69,961,
2023-10-17,Tuesday,Burger,Veg Burger,-,2,39,78,961,
2023-10-17,Tuesday,Shake,Oreo Shake,-,1,70,70,961,
2023-10-17,Tuesday,Pizza,Kulhad Pizza,-,1,99,99,961,
2023-10-17,Tuesday,Shake,Cold Coffee,-,1,50,50,961,
2023-10-17,Tuesday,Beverage,Cold Drink,-,1,20,20,961,
2023-10-17,Tuesday,Pizza,Cheese N Corn Pizza,M,1,109,109,961,
2023-10-17,Tuesday,Pizza,Spicy Mix Veg Pizza,M,1,199,199,961,
2023-10-17,Tuesday,Pizza,Mix Veg Margharita Pizza,M,1,149,149,961,
2023-10-18,Wednesday,Pizza,Mix Veg Margharita Pizza,S,1,99,99,376,
2023-10-18,Wednesday,Burger,Veg Burger,-,1,39,39,376,
2023-10-18,Wednesday,Dessert,Black currant Ice Cream,-,2,40,80,376,
2023-10-18,Wednesday,Beverage,Cold Drink,-,1,20,20,376,
2023-10-18,Wednesday,Pizza,Onion Cheese Pizza,S,1,59,59,376,
2023-10-18,Wednesday,Pizza,Onion Capsicum Pizza,S,1,79,79,376,
2023-10-19,Thursday,Pizza,Tomato Cheese Pizza,S,2,59,118,1395,
2023-10-19,Thursday,Pizza,Spicy Mix Veg Pizza,M,1,199,199,1395,
2023-10-19,Thursday,Pizza,Cheese N Corn Pizza,M,1,109,109,1395,
2023-10-19,Thursday,Pizza,Onion Capsicum Pizza,L,1,209,209,1395,
2023-10-19,Thursday,Pizza,Capsicum Cheese Pizza,S,1,59,59,1395,
2023-10-19,Thursday,Pizza,Onion Cheese Pizza,S,2,59,118,1395,
2023-10-19,Thursday,Burger,Veg Burger,-,2,39,78,1395,
2023-10-19,Thursday,Pizza,Mix Veg Margharita Pizza,M,1,149,149,1395,
2023-10-19,Thursday,Burger,Veg Cheese Burger,-,4,59,236,1395,
2023-10-19,Thursday,Beverage,Cold Drink,-,2,20,40,1395,
2023-10-19,Thursday,Dessert,Black currant Ice Cream,-,2,40,80,1395,
2023-10-20,Friday,Pizza,MrPizza Special Pizza,M,1,249,249,2302,
2023-10-20,Friday,Combo,Spicy Mix Veg+Garlic Bread+Cheese Corn+Cold Drink,-,1,149,149,2302,
2023-10-20,Friday,Pizza,Cheese N Corn Pizza,S,3,69,207,2302,
2023-10-20,Friday,Pizza,Sweet Corn Paneer Pizza,L,1,299,299,2302,
2023-10-20,Friday,Beverage,Cold Drink,-,4,20,80,2302,
2023-10-20,Friday,Pizza,Paneer Pizza,M,1,199,199,2302,
2023-10-20,Friday,Pizza,Onion Cheese Pizza,S,1,59,59,2302,
2023-10-20,Friday,Pizza,Mix Veg Margharita Pizza,S,10,99,990,2302,
2023-10-20,Friday,Dessert,Strawberry Ice Cream,-,1,30,30,2302,
2023-10-20,Friday,Dessert,Black currant Ice Cream,-,1,40,40,2302,
2023-10-21,Saturday,Dessert,Choco Lava Cake,-,1,110,110,1337,
2023-10-21,Saturday,Beverage,Cold Drink,-,4,20,80,1337,
2023-10-21,Saturday,Pizza,Onion Cheese Pizza,S,2,59,118,1337,
2023-10-21,Saturday,Pizza,Tomato Cheese Pizza,S,1,59,59,1337,
2023-10-21,Saturday,Pizza,Mix Veg Margharita Pizza,S,2,99,198,1337,
2023-10-21,Saturday,Pizza,Cheese N Corn Pizza,M,1,109,109,1337,
2023-10-21,Saturday,Burger,Veg Burger,-,3,39,117,1337,
2023-10-21,Saturday,Pizza,Cheese N Corn Pizza,S,1,69,69,1337,
2023-10-21,Saturday,Pizza,Tandoori Pizza,S,1,109,109,1337,
2023-10-21,Saturday,Dessert,Strawberry Ice Cream,-,1,30,30,1337,
2023-10-21,Saturday,Pizza,Kulhad Pizza,-,1,99,99,1337,
2023-10-21,Saturday,Dessert,Black currant Ice Cream,-,1,40,40,1337,
2023-10-21,Saturday,Pizza,Spicy Mix Veg Pizza,M,1,199,199,1337,
2023-10-22,Sunday,Pizza,Onion Cheese Pizza,S,2,59,118,1458,
2023-10-22,Sunday,Burger,Veg Burger,-,4,39,156,1458,
2023-10-22,Sunday,Pizza,Cheese N Corn Pizza,S,1,69,69,1458,
2023-10-22,Sunday,Pizza,Overloaded Cheese Pizza,M,1,230,230,1458,
2023-10-22,Sunday,Pizza,Spicy Mix Veg Pizza,M,1,199,199,1458,
2023-10-22,Sunday,Pizza,Mix Veg Margharita Pizza,S,1,99,99,1458,
2023-10-22,Sunday,Pizza,Tandoori Pizza,S,2,109,218,1458,
2023-10-22,Sunday,Pizza,Kulhad Pizza,-,1,99,99,1458,
2023-10-22,Sunday,Dessert,Vanilla Ice Cream,-,1,30,30,1458,
2023-10-22,Sunday,Dessert,Kesar Pista Ice Cream,-,2,40,80,1458,
2023-10-22,Sunday,Dessert,Strawberry Ice Cream,-,2,30,60,1458,
2023-10-22,Sunday,Beverage,Cold Drink,-,3,20,60,1458,
2023-10-22,Sunday,Dessert,Black currant Ice Cream,-,1,40,40,1458,
2023-10-23,Monday,Pizza,Baby Cheese Pizza,S,2,49,98,558,
2023-10-23,Monday,Pizza,Overloaded Cheese Pizza,M,1,230,230,558,
2023-10-23,Monday,Dessert,Kesar Pista Ice Cream,-,1,40,40,558,
2023-10-23,Monday,Shake,Cold Coffee,-,2,50,100,558,
2023-10-23,Monday,Dessert,Vanilla Ice Cream,-,3,30,90,558,
2023-10-24,Tuesday,Pizza,Onion Capsicum Pizza,S,3,79,237,524,
2023-10-24,Tuesday,Combo,Spicy Mix Veg+Garlic Bread+Cheese Corn+Cold Drink,-,1,149,149,524,
2023-10-24,Tuesday,Pizza,Onion Cheese Pizza,S,2,59,118,524,
2023-10-24,Tuesday,Beverage,Cold Drink,-,1,20,20,524,
2023-10-25,Wednesday,Burger,Bun,-,2,5,10,1724,
2023-10-25,Wednesday,Beverage,Water,-,1,20,20,1724,
2023-10-25,Wednesday,Beverage,Cold Drink,-,2,20,40,1724,
2023-10-25,Wednesday,Shake,Oreo Shake,-,4,70,280,1724,
2023-10-25,Wednesday,Shake,Chocolate Shake,-,4,70,280,1724,
2023-10-25,Wednesday,Bread,Stuffed Garlic Bread,-,1,89,89,1724,
2023-10-25,Wednesday,Pizza,Cheese N Corn Pizza,M,1,109,109,1724,
2023-10-25,Wednesday,Pizza,Mix Veg Margharita Pizza,L,2,249,498,1724,
2023-10-25,Wednesday,Pizza,Paneer Pizza,M,2,199,398,1724,
2023-10-26,Thursday,Burger,Veg Cheese Burger,-,4,59,236,711,
2023-10-26,Thursday,Pizza,Onion Cheese Pizza,S,1,59,59,711,
2023-10-26,Thursday,Shake,Oreo Shake,-,1,70,70,711,
2023-10-26,Thursday,Burger,Veg Burger,-,2,39,78,711,
2023-10-26,Thursday,Pizza,Spicy Mix Veg Pizza,M,1,199,199,711,
2023-10-26,Thursday,Pizza,Cheese N Corn Pizza,S,1,69,69,711,
2023-10-27,Friday,Hot Dog,Veg Hot Dog,-,1,70,70,506,
2023-10-27,Friday,Burger,Veg Burger,-,1,39,39,506,
2023-10-27,Friday,Pizza,Onion Cheese Pizza,M,1,109,109,506,
2023-10-27,Friday,Pizza,Capsicum Cheese Pizza,S,1,59,59,506,
2023-10-27,Friday,Shake,Chocolate Shake,-,2,70,140,506,
2023-10-27,Friday,Pizza,Cheese N Corn Pizza,S,1,69,69,506,
2023-10-27,Friday,Beverage,Water,-,1,20,20,506,
2023-10-28,Saturday,Pizza,Onion Cheese Pizza,S,4,59,236,998,
2023-10-28,Saturday,Pizza,Capsicum Cheese Pizza,S,1,59,59,998,
2023-10-28,Saturday,Pizza,Tomato Cheese Pizza,S,2,59,118,998,
2023-10-28,Saturday,Pizza,Spicy Mix Veg Pizza,S,1,109,109,998,
2023-10-28,Saturday,Pizza,Overloaded Cheese Pizza,S,1,129,129,998,
2023-10-28,Saturday,Pizza,Tomato Cheese Pizza,M,1,109,109,998,
2023-10-28,Saturday,Shake,Oreo Shake,-,1,70,70,998,
2023-10-28,Saturday,Pizza,Baby Cheese Pizza,S,1,49,49,998,
2023-10-28,Saturday,Pizza,Sweet Corn Paneer Pizza,S,1,119,119,998,
2023-10-29,Sunday,Burger,Veg Burger,-,2,39,78,3673,
2023-10-29,Sunday,Pizza,Mix Veg Margharita Pizza,S,32,99,3168,3673,
2023-10-29,Sunday,Combo,Spicy Mix Veg+Garlic Bread+Cheese Corn+Cold Drink,-,1,149,149,3673,
2023-10-29,Sunday,Pizza,Overloaded Cheese Pizza,S,1,129,129,3673,
2023-10-29,Sunday,Pizza,MrPizza Special Pizza,S,1,149,149,3673,
2023-10-30,Monday,Burger,Veg Burger,-,2,39,78,344,
2023-10-30,Monday,Pizza,Onion Cheese Pizza,S,1,59,59,344,
2023-10-30,Monday,Pizza,Baby Cheese Pizza,S,2,49,98,344,
2023-10-30,Monday,Pizza,Onion Cheese Pizza,M,1,109,109,344,
2023-10-31,Tuesday,Burger,Veg Burger,-,5,39,195,442,
2023-10-31,Tuesday,Pizza,Baby Cheese Pizza,S,1,49,49,442,
2023-10-31,Tuesday,Pizza,Kulhad Pizza,-,2,99,198,442,
2023-11-01,Wednesday,Burger,Veg Burger,-,2,39,78,446,
2023-11-01,Wednesday,Burger,Bun,-,6,5,30,446,
2023-11-01,Wednesday,Pizza,Baby Cheese Pizza,S,1,49,49,446,
2023-11-01,Wednesday,Pizza,Paneer Pizza,L,1,289,289,446,
2023-11-02,Thursday,Burger,Veg Cheese Burger,-,1,59,59,358,
2023-11-02,Thursday,Shake,Strawberry Shake,-,1,50,50,358,
2023-11-02,Thursday,Pizza,MrPizza Special Pizza,M,1,249,249,358,
2023-11-03,Friday,Pizza,Onion Cheese Pizza,S,2,59,118,663,
2023-11-03,Friday,Shake,Cold Coffee,-,2,50,100,663,
2023-11-03,Friday,Pizza,Kulhad Pizza,-,2,99,198,663,
2023-11-03,Friday,Pizza,Baby Cheese Pizza,S,2,49,98,663,
2023-11-03,Friday,Combo,Spicy Mix Veg+Garlic Bread+Cheese Corn+Cold Drink,-,1,149,149,663,
2023-11-04,Saturday,Shake,Cold Coffee,-,3,50,150,1157,
2023-11-04,Saturday,Pizza,Onion Cheese Pizza,S,2,59,118,1157,
2023-11-04,Saturday,Burger,Veg Cheese Burger,-,3,59,177,1157,
2023-11-04,Saturday,Pizza,Capsicum Cheese Pizza,S,1,59,59,1157,
2023-11-04,Saturday,Burger,Veg Burger,-,1,39,39,1157,
2023-11-04,Saturday,Pizza,Tomato Cheese Pizza,M,1,109,109,1157,
2023-11-04,Saturday,Pizza,Onion Capsicum Pizza,S,1,79,79,1157,
2023-11-04,Saturday,Pizza,Onion Tomato Pizza,S,1,79,79,1157,
2023-11-04,Saturday,Pizza,Mix Veg Margharita Pizza,S,1,99,99,1157,
2023-11-04,Saturday,Pizza,Baby Cheese Pizza,S,1,49,49,1157,
2023-11-04,Saturday,Pizza,Paneer Pizza,M,1,199,199,1157,
2023-11-05,Sunday,Pizza,Overloaded Cheese Pizza,L,1,339,339,1658,
2023-11-05,Sunday,Add-on,Extra Cheese,-,1,40,40,1658,
2023-11-05,Sunday,Pizza,Mix Veg Margharita Pizza,S,1,99,99,1658,
2023-11-05,Sunday,Pizza,Onion Paneer Pizza,S,1,109,109,1658,
2023-11-05,Sunday,Burger,Veg Burger,-,4,39,156,1658,
2023-11-05,Sunday,Pizza,Mix Veg Margharita Pizza,L,2,249,498,1658,
2023-11-05,Sunday,Add-on,Extra Patty,-,1,20,20,1658,
2023-11-05,Sunday,Pizza,Onion Paneer Pizza,L,1,289,289,1658,
2023-11-05,Sunday,Burger,Veg Cheese Burger,-,1,59,59,1658,
2023-11-05,Sunday,Pizza,Baby Cheese Pizza,S,1,49,49,1658,
2023-11-06,Monday,Pizza,Mix Veg Margharita Pizza,L,1,249,249,840,
2023-11-06,Monday,Pizza,Spicy Mix Veg Pizza,M,1,199,199,840,
2023-11-06,Monday,Pizza,Onion Tomato Pizza,S,1,79,79,840,
2023-11-06,Monday,Burger,Veg Burger,-,6,39,234,840,
2023-11-06,Monday,Pizza,Onion Cheese Pizza,S,1,59,59,840,
2023-11-06,Monday,Beverage,Cold Drink,-,1,20,20,840,
2023-11-07,Tuesday,Burger,Veg Burger,-,2,39,78,206,
2023-11-07,Tuesday,Pizza,Cheese N Corn Pizza,S,1,69,69,206,
2023-11-07,Tuesday,Pizza,Onion Cheese Pizza,S,1,59,59,206,
2023-11-08,Wednesday,Pizza,Baby Cheese Pizza,S,3,49,147,591,
2023-11-08,Wednesday,Burger,Veg Burger,-,2,39,78,591,
2023-11-08,Wednesday,Pizza,Cheese N Corn Pizza,S,1,69,69,591,
2023-11-08,Wednesday,Pizza,Kulhad Pizza,-,3,99,297,591,
2023-11-09,Thursday,Pizza,Paneer Pizza,M,1,199,199,1186,
2023-11-09,Thursday,Pizza,Sweet Corn Paneer Pizza,M,1,209,209,1186,
2023-11-09,Thursday,Pizza,Baby Cheese Pizza,S,1,49,49,1186,
2023-11-09,Thursday,Pizza,Kulhad Pizza,-,2,99,198,1186,
2023-11-09,Thursday,Burger,Veg Burger,-,3,39,117,1186,
2023-11-09,Thursday,Bread,Cheese Corn Garlic Bread,-,1,49,49,1186,
2023-11-09,Thursday,Burger,Veg Cheese Burger,-,4,59,236,1186,
2023-11-09,Thursday,Beverage,Cold Drink,-,1,20,20,1186,
2023-11-09,Thursday,Pizza,Cheese N Corn Pizza,M,1,109,109,1186,
2023-11-10,Friday,Burger,Veg Cheese Burger,-,4,59,236,1186,
2023-11-10,Friday,Beverage,Cold Drink,-,1,20,20,1186,
2023-11-10,Friday,Pizza,Cheese N Corn Pizza,M,1,109,109,1186,
2023-11-10,Friday,Pizza,Kulhad Pizza,-,2,99,198,1186,
2023-11-10,Friday,Burger,Veg Burger,-,3,39,117,1186,
2023-11-10,Friday,Bread,Cheese Corn Garlic Bread,-,1,49,49,1186,
2023-11-10,Friday,Pizza,Paneer Pizza,M,1,199,199,1186,
2023-11-10,Friday,Pizza,Sweet Corn Paneer Pizza,M,1,209,209,1186,
2023-11-10,Friday,Pizza,Baby Cheese Pizza,S,1,49,49,1186,
2023-11-14,Tuesday,Pizza,Onion Tomato Pizza,L,1,209,209,3472,
2023-11-14,Tuesday,Pizza,Mix Veg Margharita Pizza,S,2,99,198,3472,
2023-11-14,Tuesday,Pizza,Mix Veg Margharita Pizza,M,2,149,298,3472,
2023-11-14,Tuesday,Pizza,Sweet Corn Paneer Pizza,L,1,299,299,3472,
2023-11-14,Tuesday,Pizza,Onion Paneer Pizza,L,2,289,578,3472,
2023-11-14,Tuesday,Pizza,Overloaded Cheese Pizza,L,1,339,339,3472,
2023-11-14,Tuesday,Pizza,Paneer Pizza,S,2,109,218,3472,
2023-11-14,Tuesday,Pizza,Cheese N Corn Pizza,S,2,69,138,3472,
2023-11-14,Tuesday,Pizza,Onion Cheese Pizza,S,2,59,118,3472,
2023-11-14,Tuesday,Pizza,Tomato Cheese Pizza,S,1,59,59,3472,
2023-11-14,Tuesday,Burger,Veg Cheese Burger,-,8,59,472,3472,
2023-11-14,Tuesday,Pizza,Paneer Pizza,M,1,199,199,3472,
2023-11-14,Tuesday,Pizza,Mix Veg Margharita Pizza,L,1,249,249,3472,
2023-11-14,Tuesday,Pizza,Baby Cheese Pizza,S,2,49,98,3472,
2023-11-15,Wednesday,Pizza,Sweet Corn Paneer Pizza,S,1,119,119,855,
2023-11-15,Wednesday,Pizza,Cheese N Corn Pizza,L,1,209,209,855,
2023-11-15,Wednesday,Pizza,Tandoori Pizza,M,1,199,199,855,
2023-11-15,Wednesday,Pizza,Sweet Corn Onion Pizza,M,1,129,129,855,
2023-11-15,Wednesday,Pizza,Onion Cheese Pizza,L,1,199,199,855,
2023-11-16,Thursday,Pizza,Onion Capsicum Pizza,L,1,209,209,1069,
2023-11-16,Thursday,Burger,Veg Burger,-,5,39,195,1069,
2023-11-16,Thursday,Pizza,Peppy Paneer Pizza,M,1,199,199,1069,
2023-11-16,Thursday,Pizza,Cheese N Corn Pizza,S,1,69,69,1069,
2023-11-16,Thursday,Pizza,Paneer Pizza,S,1,109,109,1069,
2023-11-16,Thursday,Pizza,Peppy Paneer Pizza,S,1,119,119,1069,
2023-11-16,Thursday,Combo,Spicy Mix Veg+Garlic Bread+Cheese Corn+Cold Drink,-,1,149,149,1069,
2023-11-16,Thursday,Beverage,Cold Drink,-,1,20,20,1069,
2023-11-17,Friday,Pizza,Mix Veg Margharita Pizza,S,1,99,99,1397,
2023-11-17,Friday,Burger,Veg Burger,-,5,39,195,1397,
2023-11-17,Friday,Pizza,Kulhad Pizza,-,2,99,198,1397,
2023-11-17,Friday,Pizza,Mix Veg Margharita Pizza,M,2,149,298,1397,
2023-11-17,Friday,Pizza,Spicy Mix Veg Pizza,M,2,199,398,1397,
2023-11-17,Friday,Pizza,Cheese N Corn Pizza,M,1,109,109,1397,
2023-11-17,Friday,Beverage,Cold Drink,-,1,20,20,1397,
2023-11-17,Friday,Add-on,Extra Cheese,-,2,40,80,1397,
2023-11-18,Saturday,Pizza,Tomato Cheese Pizza,S,1,59,59,830,
2023-11-18,Saturday,Burger,Veg Burger,-,2,39,78,830,
2023-11-18,Saturday,Pizza,Onion Cheese Pizza,S,2,59,118,830,
2023-11-18,Saturday,Beverage,Cold Drink,-,1,20,20,830,
2023-11-18,Saturday,Pizza,Baby Cheese Pizza,S,2,49,98,830,
2023-11-18,Saturday,Pizza,Cheese N Corn Pizza,M,1,109,109,830,
2023-11-18,Saturday,Pizza,Mix Veg Margharita Pizza,M,1,149,149,830,
2023-11-18,Saturday,Pizza,Capsicum Cheese Pizza,L,1,199,199,830,
2023-11-19,Sunday,Pizza,Onion Paneer Pizza,L,1,289,289,1131,
2023-11-19,Sunday,Pizza,Baby Cheese Pizza,S,1,49,49,1131,
2023-11-19,Sunday,Beverage,Water,-,5,20,100,1131,
2023-11-19,Sunday,Pizza,Onion Capsicum Pizza,S,2,79,158,1131,
2023-11-19,Sunday,Burger,Veg Burger,-,1,39,39,1131,
2023-11-19,Sunday,Pizza,Mix Veg Margharita Pizza,M,1,149,149,1131,
2023-11-19,Sunday,Pizza,Onion Cheese Pizza,S,1,59,59,1131,
2023-11-19,Sunday,Pizza,Mix Veg Margharita Pizza,S,1,99,99,1131,
2023-11-19,Sunday,Pizza,Onion Paneer Pizza,M,1,189,189,1131,
2023-11-20,Monday,Pizza,Mix Veg Margharita Pizza,M,1,149,149,555,
2023-11-20,Monday,Dessert,Choco Lava Cake,-,2,110,220,555,
2023-11-20,Monday,Pizza,Baby Cheese Pizza,S,1,49,49,555,
2023-11-20,Monday,Pizza,Capsicum Cheese Pizza,S,1,59,59,555,
2023-11-20,Monday,Burger,Veg Burger,-,2,39,78,555,
2023-11-21,Tuesday,Pizza,Cheese N Corn Pizza,S,1,69,69,575,
2023-11-21,Tuesday,Pizza,Sweet Corn Onion Pizza,S,1,79,79,575,
2023-11-21,Tuesday,Pizza,Sweet Corn Onion Pizza,M,1,129,129,575,
2023-11-21,Tuesday,Pizza,Paneer Pizza,M,1,199,199,575,
2023-11-21,Tuesday,Burger,Mr.Pizza's Special Burger,-,1,99,99,575,
2023-11-22,Wednesday,Pizza,Capsicum Cheese Pizza,S,2,59,118,625,
2023-11-22,Wednesday,Dessert,Choco Lava Cake,-,1,110,110,625,
2023-11-22,Wednesday,Pizza,Baby Cheese Pizza,S,1,49,49,625,
2023-11-22,Wednesday,Pizza,Mix Veg Margharita Pizza,M,1,149,149,625,
2023-11-22,Wednesday,Pizza,Capsicum Cheese Pizza,L,1,199,199,625,
2023-11-23,Thursday,Pizza,Kulhad Pizza,-,2,99,198,693,
2023-11-23,Thursday,Burger,Veg Burger,-,2,39,78,693,
2023-11-23,Thursday,Pizza,Paneer Pizza,S,1,109,109,693,
2023-11-23,Thursday,Pizza,Spicy Mix Veg Pizza,S,1,109,109,693,
2023-11-23,Thursday,Pizza,Paneer Pizza,M,1,199,199,693,
2023-11-24,Friday,Pizza,Cheese N Corn Pizza,M,1,109,109,1175,
2023-11-24,Friday,Beverage,Cold Drink,-,2,20,40,1175,
2023-11-24,Friday,Pizza,Paneer Pizza,M,1,199,199,1175,
2023-11-24,Friday,Shake,Mojito,-,1,50,50,1175,
2023-11-24,Friday,Burger,Veg Burger,-,1,39,39,1175,
2023-11-24,Friday,Pizza,Mix Veg Margharita Pizza,S,2,99,198,1175,
2023-11-24,Friday,Pizza,Overloaded Cheese Pizza,M,2,230,460,1175,
2023-11-24,Friday,Add-on,Extra Cheese,-,2,40,80,1175,
2023-11-25,Saturday,Pizza,Onion Cheese Pizza,S,3,59,177,1043,
2023-11-25,Saturday,Pizza,Onion Paneer Pizza,L,1,289,289,1043,
2023-11-25,Saturday,Pizza,Onion Capsicum Pizza,M,1,129,129,1043,
2023-11-25,Saturday,Pizza,Paneer Pizza,M,1,199,199,1043,
2023-11-25,Saturday,Pizza,Spicy Mix Veg Pizza,M,1,199,199,1043,
2023-11-25,Saturday,Shake,Mojito,-,1,50,50,1043,
2023-11-26,Sunday,Pizza,Baby Cheese Pizza,S,1,49,49,931,
2023-11-26,Sunday,Pizza,Onion Cheese Pizza,L,1,199,199,931,
2023-11-26,Sunday,Burger,Veg Burger,-,4,39,156,931,
2023-11-26,Sunday,Pizza,Sweet Corn Onion Pizza,M,1,129,129,931,
2023-11-26,Sunday,Pizza,Paneer Pizza,M,1,199,199,931,
2023-11-26,Sunday,Pizza,Tandoori Pizza,M,1,199,199,931,
2023-11-27,Monday,Shake,Chocolate Shake,-,4,70,280,714,
2023-11-27,Monday,Burger,Veg Cheese Burger,-,2,59,118,714,
2023-11-27,Monday,Burger,Veg Burger,-,3,39,117,714,
2023-11-27,Monday,Pizza,Spicy Mix Veg Pizza,M,1,199,199,714,
2023-11-28,Tuesday,Pizza,Tandoori Pizza,M,1,199,199,962,
2023-11-28,Tuesday,Shake,Butterscotch Shake,-,1,60,60,962,
2023-11-28,Tuesday,Pizza,Kulhad Pizza,-,1,99,99,962,
2023-11-28,Tuesday,Burger,Veg Burger,-,1,39,39,962,
2023-11-28,Tuesday,Pizza,Cheese N Corn Pizza,M,1,109,109,962,
2023-11-28,Tuesday,Pizza,Baby Cheese Pizza,S,2,49,98,962,
2023-11-28,Tuesday,Add-on,Extra Cheese,-,2,40,80,962,
2023-11-28,Tuesday,Pizza,Overloaded Cheese Pizza,S,1,129,129,962,
2023-11-28,Tuesday,Pizza,MrPizza Special Pizza,S,1,149,149,962,
2023-11-29,Wednesday,Pizza,Paneer Pizza,S,7,109,763,2594,
2023-11-29,Wednesday,Pizza,Paneer Pizza,L,1,289,289,2594,
2023-11-29,Wednesday,Pizza,Tandoori Pizza,M,1,199,199,2594,
2023-11-29,Wednesday,Pizza,Cheese N Corn Pizza,S,1,69,69,2594,
2023-11-29,Wednesday,Pizza,Baby Cheese Pizza,S,1,49,49,2594,
2023-11-29,Wednesday,Pizza,Paneer Pizza,M,2,199,398,2594,
2023-11-29,Wednesday,Pizza,Onion Capsicum Pizza,L,1,209,209,2594,
2023-11-29,Wednesday,Pizza,Mix Veg Margharita Pizza,S,1,99,99,2594,
2023-11-29,Wednesday,Burger,Veg Burger,-,1,39,39,2594,
2023-11-29,Wednesday,Dessert,Choco Lava Cake,-,3,110,330,2594,
2023-11-29,Wednesday,Shake,Cold Coffee,-,3,50,150,2594,
2023-11-30,Thursday,Pizza,Onion Cheese Pizza,S,2,59,118,1420,
2023-11-30,Thursday,Pizza,Tandoori Pizza,S,1,109,109,1420,
2023-11-30,Thursday,Pizza,Tandoori Pizza,L,2,299,598,1420,
2023-11-30,Thursday,Pizza,Onion Cheese Pizza,M,1,109,109,1420,
2023-11-30,Thursday,Pizza,Cheese N Corn Pizza,M,1,109,109,1420,
2023-11-30,Thursday,Pizza,Onion Tomato Pizza,L,1,209,209,1420,
2023-11-30,Thursday,Pizza,Tomato Cheese Pizza,S,1,59,59,1420,
2023-11-30,Thursday,Pizza,Paneer Pizza,S,1,109,109,1420,
2023-12-01,Friday,Burger,Veg Cheese Burger,-,2,59,118,406,
2023-12-01,Friday,Burger,Veg Burger,-,2,39,78,406,
2023-12-01,Friday,Shake,Oreo Shake,-,3,70,210,406,
2023-12-02,Saturday,Pizza,Cheese N Corn Pizza,S,1,69,69,486,
2023-12-02,Saturday,Pizza,Baby Cheese Pizza,S,2,49,98,486,
2023-12-02,Saturday,Pizza,Tandoori Pizza,M,1,199,199,486,
2023-12-02,Saturday,Shake,Mojito,-,1,50,50,486,
2023-12-02,Saturday,Shake,Oreo Shake,-,1,70,70,486,
2023-12-03,Sunday,Shake,Oreo Shake,-,6,70,420,1622,
2023-12-03,Sunday,Burger,Veg Burger,-,3,39,117,1622,
2023-12-03,Sunday,Pizza,Mix Veg Margharita Pizza,S,2,99,198,1622,
2023-12-03,Sunday,Pizza,Peppy Paneer Pizza,M,1,199,199,1622,
2023-12-03,Sunday,Pizza,Overloaded Cheese Pizza,M,2,230,460,1622,
2023-12-03,Sunday,Pizza,Overloaded Cheese Pizza,S,1,129,129,1622,
2023-12-03,Sunday,Pizza,Baby Cheese Pizza,S,1,49,49,1622,
2023-12-03,Sunday,Shake,Cold Coffee,-,1,50,50,1622,
2023-12-04,Monday,Pizza,Mix Veg Margharita Pizza,L,2,249,498,666,
2023-12-04,Monday,Shake,Oreo Shake,-,1,70,70,666,
2023-12-04,Monday,Pizza,Baby Cheese Pizza,S,2,49,98,666,
2023-12-05,Tuesday,Pizza,Onion Paneer Pizza,S,1,109,109,540,
2023-12-05,Tuesday,Burger,Veg Burger,-,5,39,195,540,
2023-12-05,Tuesday,Pizza,Baby Cheese Pizza,S,2,49,98,540,
2023-12-05,Tuesday,Pizza,Cheese N Corn Pizza,S,2,69,138,540,
2023-12-06,Wednesday,Bread,Stuffed Garlic Bread,-,2,89,178,831,
2023-12-06,Wednesday,Burger,Veg Cheese Burger,-,2,59,118,831,
2023-12-06,Wednesday,Bread,Cheese Corn Garlic Bread,-,2,49,98,831,
2023-12-06,Wednesday,Shake,Oreo Shake,-,1,70,70,831,
2023-12-06,Wednesday,Burger,Veg Burger,-,1,39,39,831,
2023-12-06,Wednesday,Pizza,Onion Cheese Pizza,M,2,109,218,831,
2023-12-06,Wednesday,Dessert,Choco Lava Cake,-,1,110,110,831,
2023-12-07,Thursday,Pizza,Overloaded Cheese Pizza,S,1,129,129,1139,
2023-12-07,Thursday,Dessert,Strawberry Ice Cream,-,1,30,30,1139,
2023-12-07,Thursday,Shake,Chocolate Shake,-,1,70,70,1139,
2023-12-07,Thursday,Pizza,Cheese N Corn Pizza,M,2,109,218,1139,
2023-12-07,Thursday,Pizza,Tandoori Pizza,L,1,299,299,1139,
2023-12-07,Thursday,Burger,Veg Burger,-,6,39,234,1139,
2023-12-07,Thursday,Shake,Cold Coffee,-,2,50,100,1139,
2023-12-07,Thursday,Burger,Veg Cheese Burger,-,1,59,59,1139,
2023-12-08,Friday,Pizza,Mix Veg Margharita Pizza,L,1,249,249,308,
2023-12-08,Friday,Pizza,Capsicum Cheese Pizza,S,1,59,59,308,
2023-12-09,Saturday,Pizza,MrPizza Special Pizza,S,1,149,149,908,
2023-12-09,Saturday,Pizza,Cheese N Corn Pizza,S,1,69,69,908,
2023-12-09,Saturday,Burger,Veg Burger,-,4,39,156,908,
2023-12-09,Saturday,Pizza,Mix Veg Margharita Pizza,S,1,99,99,908,
2023-12-09,Saturday,Pizza,Mix Veg Margharita Pizza,M,1,149,149,908,
2023-12-09,Saturday,Pizza,Onion Capsicum Pizza,M,1,129,129,908,
2023-12-09,Saturday,Pizza,Onion Cheese Pizza,S,1,59,59,908,
2023-12-09,Saturday,Pizza,Baby Cheese Pizza,S,2,49,98,908,
2023-12-10,Sunday,Dessert,Choco Lava Cake,-,1,110,110,931,
2023-12-10,Sunday,Pizza,Onion Capsicum Pizza,S,1,79,79,931,
2023-12-10,Sunday,Burger,Veg Burger,-,4,39,156,931,
2023-12-10,Sunday,Pizza,Tandoori Pizza,M,1,199,199,931,
2023-12-10,Sunday,Pizza,MrPizza Special Pizza,S,1,149,149,931,
2023-12-10,Sunday,Pizza,Onion Capsicum Pizza,M,1,129,129,931,
2023-12-10,Sunday,Pizza,Cheese N Corn Pizza,M,1,109,109,931,
2023-12-11,Monday,Dessert,Choco Lava Cake,-,1,110,110,934,
2023-12-11,Monday,Shake,Oreo Shake,-,1,70,70,934,
2023-12-11,Monday,Pizza,Cheese N Corn Pizza,S,1,69,69,934,
2023-12-11,Monday,Pizza,Baby Cheese Pizza,S,1,49,49,934,
2023-12-11,Monday,Pizza,Onion Capsicum Pizza,S,1,79,79,934,
2023-12-11,Monday,Pizza,Tandoori Pizza,S,1,109,109,934,
2023-12-11,Monday,Pizza,Mix Veg Margharita Pizza,M,1,149,149,934,
2023-12-11,Monday,Pizza,Tandoori Pizza,L,1,299,299,934,
2023-12-12,Tuesday,Burger,Veg Burger,-,3,39,117,366,
2023-12-12,Tuesday,Pizza,Cheese N Corn Pizza,S,1,69,69,366,
2023-12-12,Tuesday,Dessert,Choco Lava Cake,-,1,110,110,366,
2023-12-12,Tuesday,Shake,Oreo Shake,-,1,70,70,366,
2023-12-13,Wednesday,Dessert,Choco Lava Cake,-,1,110,110,923,
2023-12-13,Wednesday,Pizza,Onion Capsicum Pizza,M,1,129,129,923,
2023-12-13,Wednesday,Pizza,Mix Veg Margharita Pizza,S,2,99,198,923,
2023-12-13,Wednesday,Pizza,Sweet Corn Onion Pizza,S,1,79,79,923,
2023-12-13,Wednesday,Pizza,Paneer Pizza,S,1,109,109,923,
2023-12-13,Wednesday,Combo,Spicy Mix Veg+Garlic Bread+Cheese Corn+Cold Drink,-,1,149,149,923,
2023-12-13,Wednesday,Pizza,MrPizza Special Pizza,S,1,149,149,923,
2023-12-14,Thursday,Pizza,Cheese N Corn Pizza,L,1,209,209,751,
2023-12-14,Thursday,Pizza,Tomato Cheese Pizza,S,2,59,118,751,
2023-12-14,Thursday,Pizza,Onion Cheese Pizza,S,2,59,118,751,
2023-12-14,Thursday,Pizza,Baby Cheese Pizza,S,2,49,98,751,
2023-12-14,Thursday,Pizza,Tandoori Pizza,S,1,109,109,751,
2023-12-14,Thursday,Pizza,Kulhad Pizza,-,1,99,99,751,
2023-12-15,Friday,Pizza,Capsicum Cheese Pizza,S,1,59,59,981,
2023-12-15,Friday,Pizza,Onion Capsicum Pizza,S,1,79,79,981,
2023-12-15,Friday,Pizza,Onion Cheese Pizza,S,1,59,59,981,
2023-12-15,Friday,Pizza,Tandoori Pizza,M,1,199,199,981,
2023-12-15,Friday,Pizza,Cheese N Corn Pizza,M,1,109,109,981,
2023-12-15,Friday,Burger,Veg Burger,-,2,39,78,981,
2023-12-15,Friday,Pizza,Peppy Paneer Pizza,L,1,299,299,981,
2023-12-15,Friday,Pizza,Kulhad Pizza,-,1,99,99,981,
2023-12-16,Saturday,Pizza,Tandoori Pizza,S,1,109,109,636,
2023-12-16,Saturday,Pizza,Cheese N Corn Pizza,M,1,109,109,636,
2023-12-16,Saturday,Pizza,Cheese N Corn Pizza,L,1,209,209,636,
2023-12-16,Saturday,Pizza,Onion Capsicum Pizza,L,1,209,209,636,
2023-12-17,Sunday,Beverage,Cold Drink,-,1,20,20,1503,
2023-12-17,Sunday,Pizza,Tandoori Pizza,S,2,109,218,1503,
2023-12-17,Sunday,Pizza,Baby Cheese Pizza,S,5,49,245,1503,
2023-12-17,Sunday,Pizza,Kulhad Pizza,-,1,99,99,1503,
2023-12-17,Sunday,Pizza,Onion Cheese Pizza,S,3,59,177,1503,
2023-12-17,Sunday,Pizza,Mix Veg Margharita Pizza,M,1,149,149,1503,
2023-12-17,Sunday,Pizza,Peppy Paneer Pizza,L,1,299,299,1503,
2023-12-17,Sunday,Burger,Veg Burger,-,1,39,39,1503,
2023-12-17,Sunday,Pizza,Onion Cheese Pizza,M,1,109,109,1503,
2023-12-17,Sunday,Pizza,Cheese N Corn Pizza,S,1,69,69,1503,
2023-12-17,Sunday,Pizza,Onion Capsicum Pizza,S,1,79,79,1503,
2023-12-18,Monday,Burger,Veg Burger,-,5,39,195,304,
2023-12-18,Monday,Pizza,Tandoori Pizza,S,1,109,109,304,
2023-12-19,Tuesday,Pizza,Capsicum Cheese Pizza,S,1,59,59,575,
2023-12-19,Tuesday,Burger,Veg Burger,-,1,39,39,575,
2023-12-19,Tuesday,Pizza,Tandoori Pizza,S,1,109,109,575,
2023-12-19,Tuesday,Pizza,Tandoori Pizza,L,1,299,299,575,
2023-12-19,Tuesday,Pizza,Cheese N Corn Pizza,S,1,69,69,575,
2023-12-21,Thursday,Pizza,Cheese N Corn Pizza,S,3,69,207,564,
2023-12-21,Thursday,Pizza,Onion Cheese Pizza,S,1,59,59,564,
2023-12-21,Thursday,Pizza,Onion Cheese Pizza,L,1,199,199,564,
2023-12-21,Thursday,Pizza,Kulhad Pizza,-,1,99,99,564,
2023-12-22,Friday,Pizza,Tandoori Pizza,S,1,109,109,257,
2023-12-22,Friday,Pizza,Cheese N Corn Pizza,M,1,109,109,257,
2023-12-22,Friday,Burger,Veg Burger,-,1,39,39,257,
2023-12-23,Saturday,Pizza,Tomato Cheese Pizza,L,1,199,199,1226,
2023-12-23,Saturday,Pizza,Capsicum Cheese Pizza,S,1,59,59,1226,
2023-12-23,Saturday,Pizza,Onion Cheese Pizza,S,1,59,59,1226,
2023-12-23,Saturday,Burger,Veg Burger,-,3,39,117,1226,
2023-12-23,Saturday,Pizza,Baby Cheese Pizza,S,4,49,196,1226,
2023-12-23,Saturday,Pizza,Peppy Paneer Pizza,M,1,199,199,1226,
2023-12-23,Saturday,Pizza,Onion Cheese Pizza,L,1,199,199,1226,
2023-12-23,Saturday,Pizza,Kulhad Pizza,-,2,99,198,1226,
2023-12-24,Sunday,Pizza,Onion Capsicum Pizza,M,1,129,129,880,
2023-12-24,Sunday,Pizza,Tandoori Pizza,S,1,109,109,880,
2023-12-24,Sunday,Shake,Oreo Shake,-,1,70,70,880,
2023-12-24,Sunday,Pizza,Sweet Corn Paneer Pizza,M,1,209,209,880,
2023-12-24,Sunday,Pizza,Baby Cheese Pizza,S,5,49,245,880,
2023-12-24,Sunday,Pizza,Onion Cheese Pizza,S,2,59,118,880,
2023-12-25,Monday,Pizza,Onion Cheese Pizza,S,1,59,59,670,
2023-12-25,Monday,Pizza,Baby Cheese Pizza,S,5,49,245,670,
2023-12-25,Monday,Pizza,Spicy Mix Veg Pizza,S,2,109,218,670,
2023-12-25,Monday,Burger,Veg Burger,-,1,39,39,670,
2023-12-25,Monday,Pizza,Tandoori Pizza,S,1,109,109,670,
2023-12-26,Tuesday,Pizza,Mix Veg Margharita Pizza,M,1,149,149,892,
2023-12-26,Tuesday,Pizza,Capsicum Cheese Pizza,S,1,59,59,892,
2023-12-26,Tuesday,Pizza,Cheese N Corn Pizza,S,1,69,69,892,
2023-12-26,Tuesday,Pizza,Tandoori Pizza,M,1,199,199,892,
2023-12-26,Tuesday,Pizza,Kulhad Pizza,-,2,99,198,892,
2023-12-26,Tuesday,Pizza,Tandoori Pizza,S,2,109,218,892,
2023-12-27,Wednesday,Pizza,Baby Cheese Pizza,S,2,49,98,1340,
2023-12-27,Wednesday,Pizza,Capsicum Cheese Pizza,L,1,199,199,1340,
2023-12-27,Wednesday,Pizza,MrPizza Special Pizza,S,1,149,149,1340,
2023-12-27,Wednesday,Burger,Veg Burger,-,1,39,39,1340,
2023-12-27,Wednesday,Pizza,Mix Veg Margharita Pizza,S,1,99,99,1340,
2023-12-27,Wednesday,Pizza,Tandoori Pizza,M,2,199,398,1340,
2023-12-27,Wednesday,Pizza,Tandoori Pizza,L,1,299,299,1340,
2023-12-27,Wednesday,Burger,Veg Cheese Burger,-,1,59,59,1340,
2023-12-28,Thursday,Burger,Veg Burger,-,2,39,78,871,
2023-12-28,Thursday,Pizza,Onion Cheese Pizza,S,2,59,118,871,
2023-12-28,Thursday,Pizza,Tandoori Pizza,S,1,109,109,871,
2023-12-28,Thursday,Pizza,Kulhad Pizza,-,2,99,198,871,
2023-12-28,Thursday,Pizza,Tandoori Pizza,L,1,299,299,871,
2023-12-28,Thursday,Pizza,Cheese N Corn Pizza,S,1,69,69,871,
2023-12-29,Friday,Burger,Veg Cheese Burger,-,1,59,59,334,
2023-12-29,Friday,Pizza,Onion Cheese Pizza,S,4,59,236,334,
2023-12-29,Friday,Burger,Veg Burger,-,1,39,39,334,
2023-12-30,Saturday,Pizza,Onion Cheese Pizza,S,1,59,59,544,
2023-12-30,Saturday,Pizza,Baby Cheese Pizza,S,1,49,49,544,
2023-12-30,Saturday,Burger,Veg Burger,-,1,39,39,544,
2023-12-30,Saturday,Pizza,Mix Veg Margharita Pizza,S,2,99,198,544,
2023-12-30,Saturday,Pizza,Tandoori Pizza,M,1,199,199,544,
2023-12-31,Sunday,Pizza,Capsicum Cheese Pizza,L,1,199,199,2922,
2023-12-31,Sunday,Burger,Veg Burger,-,4,39,156,2922,
2023-12-31,Sunday,Dessert,Choco Lava Cake,-,1,110,110,2922,
2023-12-31,Sunday,Pizza,Onion Cheese Pizza,S,3,59,177,2922,
2023-12-31,Sunday,Pizza,Paneer Pizza,S,1,109,109,2922,
2023-12-31,Sunday,Pizza,Sweet Corn Paneer Pizza,S,1,119,119,2922,
2023-12-31,Sunday,Pizza,Baby Cheese Pizza,S,1,49,49,2922,
2023-12-31,Sunday,Pizza,Sweet Corn Onion Pizza,M,1,129,129,2922,
2023-12-31,Sunday,Pizza,Mix Veg Margharita Pizza,M,2,149,298,2922,
2023-12-31,Sunday,Pizza,Capsicum Cheese Pizza,S,5,59,295,2922,
2023-12-31,Sunday,Pizza,Cheese N Corn Pizza,S,6,69,414,2922,
2023-12-31,Sunday,Pizza,Overloaded Cheese Pizza,L,1,339,339,2922,
2023-12-31,Sunday,Pizza,Onion Cheese Pizza,L,1,199,199,2922,
2023-12-31,Sunday,Pizza,Overloaded Cheese Pizza,M,1,230,230,2922,
2023-12-31,Sunday,Pizza,Mix Veg Margharita Pizza,S,1,99,99,2922,
2024-01-01,Monday,Pizza,Tandoori Pizza,M,1,199,199,1366,
2024-01-01,Monday,Shake,Chocolate Shake,-,1,70,70,1366,
2024-01-01,Monday,Pizza,Kulhad Pizza,-,7,99,693,1366,
2024-01-01,Monday,Pizza,Onion Capsicum Pizza,S,2,79,158,1366,
2024-01-01,Monday,Burger,Veg Burger,-,1,39,39,1366,
2024-01-01,Monday,Pizza,Tomato Cheese Pizza,M,1,109,109,1366,
2024-01-01,Monday,Pizza,Baby Cheese Pizza,S,2,49,98,1366,
2024-01-03,Wednesday,Pizza,Chicken Pizza,S,1,170,170,1361,
2024-01-03,Wednesday,Shake,Oreo Shake,-,1,70,70,1361,
2024-01-03,Wednesday,Dessert,Choco Lava Cake,-,1,110,110,1361,
2024-01-03,Wednesday,Pizza,Cheese N Corn Pizza,S,1,69,69,1361,
2024-01-03,Wednesday,Pizza,Onion Cheese Pizza,L,1,199,199,1361,
2024-01-03,Wednesday,Add-on,Extra Cheese,-,1,40,40,1361,
2024-01-03,Wednesday,Pizza,Sweet Corn Onion Pizza,S,2,79,158,1361,
2024-01-03,Wednesday,Pizza,Cheese N Corn Pizza,M,5,109,545,1361,
2024-01-04,Thursday,Pizza,Chicken Pizza,L,1,370,370,440,
2024-01-04,Thursday,Shake,Oreo Shake,-,1,70,70,440,
2024-01-05,Friday,Pizza,Tomato Cheese Pizza,S,3,59,177,1119,
2024-01-05,Friday,Pizza,Sweet Corn Onion Pizza,S,2,79,158,1119,
2024-01-05,Friday,Pizza,Chicken Pizza,S,2,170,340,1119,
2024-01-05,Friday,Pizza,Onion Cheese Pizza,S,2,59,118,1119,
2024-01-05,Friday,Burger,Veg Burger,-,3,39,117,1119,
2024-01-05,Friday,Pizza,Sweet Corn Paneer Pizza,M,1,209,209,1119,
2024-01-06,Saturday,Pizza,Cheese N Corn Pizza,S,1,69,69,919,
2024-01-06,Saturday,Burger,Veg Cheese Burger,-,2,59,118,919,
2024-01-06,Saturday,Pizza,Peppy Paneer Pizza,M,1,199,199,919,
2024-01-06,Saturday,Burger,Veg Burger,-,2,39,78,919,
2024-01-06,Saturday,Pizza,Tandoori Pizza,M,1,199,199,919,
2024-01-06,Saturday,Pizza,Baby Cheese Pizza,S,3,49,147,919,
2024-01-06,Saturday,Pizza,Capsicum Cheese Pizza,M,1,109,109,919,
2024-01-07,Sunday,Pizza,Onion Paneer Pizza,L,1,289,289,1539,
2024-01-07,Sunday,Pizza,Tandoori Pizza,L,1,299,299,1539,
2024-01-07,Sunday,Pizza,Mix Veg Margharita Pizza,S,1,99,99,1539,
2024-01-07,Sunday,Burger,Veg Cheese Burger,-,4,59,236,1539,
2024-01-07,Sunday,Pizza,Onion Cheese Pizza,S,1,59,59,1539,
2024-01-07,Sunday,Pizza,Onion Tomato Pizza,L,1,209,209,1539,
2024-01-07,Sunday,Pizza,Spicy Mix Veg Pizza,L,1,299,299,1539,
2024-01-07,Sunday,Pizza,Baby Cheese Pizza,S,1,49,49,1539,
2024-01-08,Monday,Pizza,Chicken Pizza,M,1,279,279,1857,
2024-01-08,Monday,Burger,Veg Burger,-,2,39,78,1857,
2024-01-08,Monday,Burger,Veg Cheese Burger,-,3,59,177,1857,
2024-01-08,Monday,Hot Dog,Veg Hot Dog,-,3,70,210,1857,
2024-01-08,Monday,Combo,Onion+Capsicum+Cheese Corn+Cold Drink,-,1,199,199,1857,
2024-01-08,Monday,Pizza,Mix Veg Margharita Pizza,L,1,249,249,1857,
2024-01-08,Monday,Pizza,Mix Veg Margharita Pizza,M,1,149,149,1857,
2024-01-08,Monday,Pizza,Mix Veg Margharita Pizza,S,1,99,99,1857,
2024-01-08,Monday,Pizza,Paneer Pizza,S,1,109,109,1857,
2024-01-08,Monday,Pizza,Capsicum Cheese Pizza,L,1,199,199,1857,
2024-01-08,Monday,Pizza,Onion Cheese Pizza,M,1,109,109,1857,
2024-01-09,Tuesday,Pizza,Onion Paneer Pizza,M,1,189,189,189,
2024-01-10,Wednesday,Pizza,Kulhad Pizza,-,1,99,99,426,
2024-01-10,Wednesday,Pizza,Tandoori Pizza,S,1,109,109,426,
2024-01-10,Wednesday,Pizza,Cheese N Corn Pizza,M,1,109,109,426,
2024-01-10,Wednesday,Pizza,Onion Paneer Pizza,S,1,109,109,426,
2024-01-11,Thursday,Pizza,Onion Cheese Pizza,S,2,59,118,1020,
2024-01-11,Thursday,Burger,Veg Burger,-,2,39,78,1020,
2024-01-11,Thursday,Pizza,Mix Veg Margharita Pizza,M,1,149,149,1020,
2024-01-11,Thursday,Pizza,Baby Cheese Pizza,S,1,49,49,1020,
2024-01-11,Thursday,Pizza,Cheese N Corn Pizza,L,1,209,209,1020,
2024-01-11,Thursday,Combo,Spicy Mix Veg+Garlic Bread+Cheese Corn+Cold Drink,-,1,149,149,1020,
2024-01-11,Thursday,Pizza,Paneer Pizza,M,1,199,199,1020,
2024-01-11,Thursday,Pizza,Cheese N Corn Pizza,S,1,69,69,1020,
2024-01-12,Friday,Pizza,Cheese N Corn Pizza,S,2,69,138,1550,
2024-01-12,Friday,Pizza,Tandoori Pizza,M,2,199,398,1550,
2024-01-12,Friday,Pizza,Onion Cheese Pizza,S,1,59,59,1550,
2024-01-12,Friday,Pizza,Tandoori Pizza,L,1,299,299,1550,
2024-01-12,Friday,Pizza,Onion Paneer Pizza,L,1,289,289,1550,
2024-01-12,Friday,Pizza,Mix Veg Margharita Pizza,M,1,149,149,1550,
2024-01-12,Friday,Pizza,Onion Cheese Pizza,M,1,109,109,1550,
2024-01-12,Friday,Pizza,Capsicum Cheese Pizza,M,1,109,109,1550,
2024-01-13,Saturday,Pizza,Onion Cheese Pizza,M,1,109,109,2781,
2024-01-13,Saturday,Pizza,Chicken Pizza,M,1,279,279,2781,
2024-01-13,Saturday,Pizza,Onion Paneer Pizza,S,1,109,109,2781,
2024-01-13,Saturday,Pizza,Kulhad Pizza,-,5,99,495,2781,
2024-01-13,Saturday,Shake,Oreo Shake,-,4,70,280,2781,
2024-01-13,Saturday,Pizza,Cheese N Corn Pizza,L,1,209,209,2781,
2024-01-13,Saturday,Bread,Cheese Corn Garlic Bread,-,1,49,49,2781,
2024-01-13,Saturday,Pizza,MrPizza Special Pizza,L,1,349,349,2781,
2024-01-13,Saturday,Pizza,Cheese N Corn Pizza,S,1,69,69,2781,
2024-01-13,Saturday,Pizza,Mix Veg Margharita Pizza,S,1,99,99,2781,
2024-01-13,Saturday,Pizza,Tandoori Pizza,S,1,109,109,2781,
2024-01-13,Saturday,Pizza,Onion Cheese Pizza,S,1,59,59,2781,
2024-01-13,Saturday,Pizza,Mix Veg Margharita Pizza,L,1,249,249,2781,
2024-01-13,Saturday,Pizza,Paneer Pizza With Olives,S,1,129,129,2781,
2024-01-13,Saturday,Pizza,Overloaded Cheese Pizza,S,1,129,129,2781,
2024-01-13,Saturday,Pizza,Capsicum Cheese Pizza,S,1,59,59,2781,
2024-01-14,Sunday,Pizza,Kulhad Pizza,-,75,99,7425,7425,Wedding Catering 
2024-01-15,Monday,Pizza,Cheese N Corn Pizza,S,1,69,69,386,
2024-01-15,Monday,Pizza,Mix Veg Margharita Pizza,M,1,149,149,386,
2024-01-15,Monday,Pizza,Onion Cheese Pizza,S,1,59,59,386,
2024-01-15,Monday,Pizza,Cheese N Corn Pizza,M,1,109,109,386,
2024-01-17,Wednesday,Pizza,Onion Paneer Pizza,L,2,289,578,767,
2024-01-17,Wednesday,Pizza,Onion Paneer Pizza,M,1,189,189,767,
2024-01-18,Thursday,Pizza,Baby Cheese Pizza,S,1,49,49,366,
2024-01-18,Thursday,Pizza,Capsicum Cheese Pizza,S,1,59,59,366,
2024-01-18,Thursday,Pizza,Sweet Corn Onion Pizza,M,2,129,258,366,
2024-01-19,Friday,Pizza,Baby Cheese Pizza,S,2,49,98,207,
2024-01-19,Friday,Pizza,Paneer Pizza,S,1,109,109,207,
2024-01-20,Saturday,Pizza,Mix Veg Margharita Pizza,M,1,149,149,1309,
2024-01-20,Saturday,Pizza,Kulhad Pizza,-,2,99,198,1309,
2024-01-20,Saturday,Pizza,Peppy Paneer Pizza,M,1,199,199,1309,
2024-01-20,Saturday,Pizza,Cheese N Corn Pizza,M,1,109,109,1309,
2024-01-20,Saturday,Pizza,Tandoori Pizza,S,1,109,109,1309,
2024-01-20,Saturday,Pizza,Onion Paneer Pizza,M,1,189,189,1309,
2024-01-20,Saturday,Pizza,Onion Cheese Pizza,M,1,109,109,1309,
2024-01-20,Saturday,Pizza,Onion Paneer Pizza,S,1,109,109,1309,
2024-01-20,Saturday,Pizza,Capsicum Cheese Pizza,S,1,59,59,1309,
2024-01-20,Saturday,Pizza,Sweet Corn Onion Pizza,S,1,79,79,1309,
2024-01-21,Sunday,Pizza,Onion Cheese Pizza,S,1,59,59,2342,
2024-01-21,Sunday,Pizza,Kulhad Pizza,-,1,99,99,2342,
2024-01-21,Sunday,Pizza,Cheese N Corn Pizza,M,1,109,109,2342,
2024-01-21,Sunday,Pizza,Onion Cheese Pizza,M,1,109,109,2342,
2024-01-21,Sunday,Pizza,Peppy Paneer Pizza,L,1,299,299,2342,
2024-01-21,Sunday,Pizza,Baby Cheese Pizza,S,1,49,49,2342,
2024-01-21,Sunday,Pizza,Mix Veg Margharita Pizza,M,1,149,149,2342,
2024-01-21,Sunday,Pizza,Mix Veg Margharita Pizza,S,1,99,99,2342,
2024-01-21,Sunday,Pizza,Paneer Pizza,S,1,109,109,2342,
2024-01-21,Sunday,Pizza,Onion Tomato Pizza,L,1,209,209,2342,
2024-01-21,Sunday,Pizza,Sweet Corn Onion Pizza,M,1,129,129,2342,
2024-01-21,Sunday,Pizza,Cheese N Corn Pizza,L,1,209,209,2342,
2024-01-21,Sunday,Pizza,Sweet Corn Paneer Pizza,S,1,119,119,2342,
2024-01-21,Sunday,Pizza,Onion Cheese Pizza,S,3,59,177,2342,
2024-01-21,Sunday,Pizza,Onion Capsicum Pizza,L,2,209,418,2342,
2024-01-22,Monday,Pizza,Capsicum Cheese Pizza,S,1,59,59,257,
2024-01-22,Monday,Pizza,Kulhad Pizza,-,2,99,198,257,
2024-01-24,Wednesday,Pizza,Baby Cheese Pizza,S,1,49,49,653,
2024-01-24,Wednesday,Combo,Spicy Mix Veg+Garlic Bread+Cheese Corn+Cold Drink,-,2,149,298,653,
2024-01-24,Wednesday,Pizza,Onion Cheese Pizza,S,3,59,177,653,
2024-01-24,Wednesday,Pizza,Onion Capsicum Pizza,M,1,129,129,653,
2024-01-25,Thursday,Pizza,Peppy Paneer Pizza,M,1,199,199,1458,
2024-01-25,Thursday,Burger,Veg Burger,-,3,39,117,1458,
2024-01-25,Thursday,Shake,Mojito,-,2,50,100,1458,
2024-01-25,Thursday,Pizza,Onion Cheese Pizza,M,1,109,109,1458,
2024-01-25,Thursday,Pizza,Peppy Paneer Pizza,S,1,119,119,1458,
2024-01-25,Thursday,Pizza,Peppy Paneer Pizza,L,1,299,299,1458,
2024-01-25,Thursday,Pizza,Sweet Corn Paneer Pizza,M,1,209,209,1458,
2024-01-25,Thursday,Pizza,Kulhad Pizza,-,1,99,99,1458,
2024-01-25,Thursday,Pizza,Baby Cheese Pizza,S,2,49,98,1458,
2024-01-25,Thursday,Pizza,Spicy Mix Veg Pizza,S,1,109,109,1458,
2024-01-26,Friday,Pizza,Peppy Paneer Pizza,M,1,199,199,1886,
2024-01-26,Friday,Pizza,Kulhad Pizza,-,4,99,396,1886,
2024-01-26,Friday,Pizza,Mix Veg Margharita Pizza,S,1,99,99,1886,
2024-01-26,Friday,Combo,Onion+Capsicum+Cheese Corn+Cold Drink,-,1,199,199,1886,
2024-01-26,Friday,Pizza,Cheese N Corn Pizza,L,1,209,209,1886,
2024-01-26,Friday,Pizza,Onion Tomato Pizza,M,2,129,258,1886,
2024-01-26,Friday,Pizza,Onion Cheese Pizza,M,2,109,218,1886,
2024-01-26,Friday,Pizza,Cheese N Corn Pizza,M,1,109,109,1886,
2024-01-26,Friday,Pizza,Paneer Pizza,M,1,199,199,1886,
2024-01-27,Saturday,Pizza,Onion Cheese Pizza,L,1,199,199,624,
2024-01-27,Saturday,Pizza,Mix Veg Margharita Pizza,M,1,149,149,624,
2024-01-27,Saturday,Pizza,Baby Cheese Pizza,S,1,49,49,624,
2024-01-27,Saturday,Pizza,Capsicum Cheese Pizza,S,2,59,118,624,
2024-01-27,Saturday,Pizza,Capsicum Cheese Pizza,M,1,109,109,624,
2024-01-29,Monday,Pizza,Peppy Paneer Pizza,S,1,119,119,256,
2024-01-29,Monday,Pizza,Onion Cheese Pizza,S,1,59,59,256,
2024-01-29,Monday,Burger,Veg Burger,-,2,39,78,256,
2024-01-30,Tuesday,Pizza,Baby Cheese Pizza,S,2,49,98,979,
2024-01-30,Tuesday,Pizza,Paneer Pizza,S,2,109,218,979,
2024-01-30,Tuesday,Pizza,Onion Paneer Pizza,S,1,109,109,979,
2024-01-30,Tuesday,Pizza,Cheese N Corn Pizza,S,1,69,69,979,
2024-01-30,Tuesday,Pizza,Mix Veg Margharita Pizza,L,1,249,249,979,
2024-01-30,Tuesday,Pizza,Tomato Cheese Pizza,S,2,59,118,979,
2024-01-30,Tuesday,Pizza,Onion Cheese Pizza,S,1,59,59,979,
2024-01-30,Tuesday,Pizza,Capsicum Cheese Pizza,S,1,59,59,979,
2024-01-31,Wednesday,Pizza,Baby Cheese Pizza,S,3,49,147,961,
2024-01-31,Wednesday,Pizza,Mix Veg Margharita Pizza,S,1,99,99,961,
2024-01-31,Wednesday,Pizza,Onion Cheese Pizza,S,1,59,59,961,
2024-01-31,Wednesday,Pizza,Mix Veg Margharita Pizza,M,1,149,149,961,
2024-01-31,Wednesday,Pizza,MrPizza Special Pizza,S,1,149,149,961,
2024-01-31,Wednesday,Beverage,Cold Drink,-,2,20,40,961,
2024-01-31,Wednesday,Pizza,Cheese N Corn Pizza,M,1,109,109,961,
2024-01-31,Wednesday,Pizza,Cheese N Corn Pizza,L,1,209,209,961,
